PLAYER,MPG,TEAM,TS%,AST,TO,USG,ORR,DRR,REBR,PER,ORPM,DRPM,RPM
James Harden,37.1,HOU,0.622,20.8,13.5,40.0,2.1,17.0,9.3,29.21,7.76,-0.06,7.7
Anthony Davis,36.9,NO,0.598,14.3,6.7,29.3,10.0,27.7,19.1,31.09,3.93,3.24,7.17
Paul George,35.7,OKC,0.574,13.0,9.0,29.6,4.3,19.3,11.7,23.29,3.82,2.85,6.67
Nikola Jokic,31.3,DEN,0.5870000000000001,27.6,12.0,29.1,9.7,25.6,17.6,26.09,4.46,1.83,6.29
Kyrie Irving,32.1,BOS,0.5920000000000001,22.9,8.9,29.9,3.8,12.2,8.0,24.55,4.6,0.92,5.52
Stephen Curry,34.5,GS,0.6559999999999999,18.2,10.2,31.1,2.2,13.6,8.1,25.96,5.15,0.12,5.27
Nikola Vucevic,30.7,ORL,0.584,16.3,8.9,27.3,8.7,33.8,21.0,25.9,1.94,3.22,5.16
Kyle Lowry,33.6,TOR,0.568,38.8,10.9,21.8,1.4,12.1,6.8,18.23,3.44,1.65,5.09
LeBron James,34.6,LAL,0.601,21.5,10.3,31.8,2.9,21.2,12.3,26.44,3.65,1.35,5.0
Giannis Antetokounmpo,33.6,MIL,0.63,19.2,13.1,31.6,7.9,30.3,19.7,29.09,2.37,2.18,4.55
Kevin Durant,35.6,GS,0.626,19.1,10.5,31.1,1.5,20.2,11.2,25.62,4.14,0.36,4.5
Jusuf Nurkic,27.0,POR,0.5710000000000001,15.8,12.3,24.7,13.7,26.4,20.2,23.87,0.67,3.58,4.25
Rudy Gobert,31.4,UTAH,0.667,14.4,10.5,16.9,12.7,30.8,21.8,23.72,0.19,3.86,4.05
Mike Conley,33.9,MEM,0.545,23.5,6.7,27.7,2.0,9.3,5.6,20.35,3.83,0.04,3.87
Danilo Gallinari,31.8,LAC,0.626,12.9,7.2,22.2,3.3,16.6,10.2,20.14,4.12,-0.32,3.8
Jrue Holiday,36.6,NO,0.561,27.2,11.6,26.4,3.6,9.6,6.7,19.24,3.42,0.24,3.66
Paul Millsap,26.2,DEN,0.557,13.1,9.5,21.5,8.9,19.6,14.2,19.09,0.55,3.02,3.57
Marcus Smart,26.4,BOS,0.551,32.3,11.3,15.0,3.0,8.5,5.7,12.9,1.1,2.42,3.52
Marc Gasol,34.2,MEM,0.5429999999999999,21.3,10.2,22.2,3.3,26.0,14.4,17.72,0.74,2.77,3.51
Damian Lillard,35.2,POR,0.589,19.9,9.1,30.5,2.4,10.8,6.8,23.48,5.0,-1.5,3.5
Joel Embiid,33.7,PHI,0.598,11.9,11.9,31.7,7.6,34.4,21.4,25.64,1.77,1.62,3.39
Joe Ingles,31.1,UTAH,0.555,26.7,12.6,18.6,1.0,13.2,7.1,12.58,0.9,2.48,3.38
Eric Bledsoe,29.5,MIL,0.57,26.6,10.8,23.0,4.0,11.4,7.9,18.13,2.31,0.86,3.17
Pascal Siakam,30.6,TOR,0.642,17.3,10.9,18.8,5.3,17.7,11.7,18.6,1.75,1.38,3.13
Danny Green,29.3,TOR,0.586,12.5,10.5,13.1,3.7,11.3,7.6,10.94,0.98,2.13,3.11
Jimmy Butler,33.2,MIN/PHI,0.5760000000000001,16.1,7.1,23.4,5.8,10.1,7.9,20.93,2.41,0.63,3.04
Robert Covington,34.4,MIN/PHI,0.58,9.3,9.5,16.2,2.5,14.6,8.6,13.5,0.23,2.66,2.89
Kawhi Leonard,34.6,TOR,0.61,11.4,7.4,29.2,4.1,20.2,12.4,26.95,3.05,-0.18,2.87
Russell Westbrook,35.3,OKC,0.477,28.1,12.4,33.6,3.9,28.1,15.8,20.17,1.82,1.04,2.86
Chris Paul,33.2,HOU,0.544,31.6,11.7,24.8,2.0,12.0,6.9,18.2,1.67,1.13,2.8
Karl-Anthony Towns,33.6,MIN,0.597,12.0,11.8,26.9,10.8,29.3,19.9,24.24,1.68,1.09,2.77
Victor Oladipo,32.5,IND,0.535,19.8,9.0,28.3,1.7,17.9,10.0,19.0,2.12,0.61,2.73
Nemanja Bjelica,24.7,SAC,0.611,17.5,10.8,16.7,6.7,18.7,12.6,16.28,1.21,1.48,2.69
Kemba Walker,34.2,CHA,0.56,18.6,8.5,31.3,1.5,11.8,6.6,21.46,4.09,-1.4,2.69
Brook Lopez,27.8,MIL,0.588,8.4,8.0,16.5,1.6,12.4,7.3,13.83,0.56,2.07,2.63
Rudy Gay,26.7,SA,0.5920000000000001,15.6,9.9,21.0,4.1,22.5,13.4,17.98,0.85,1.71,2.56
Blake Griffin,36.1,DET,0.594,17.2,12.3,30.2,3.6,22.2,12.4,21.44,2.24,0.3,2.54
Khris Middleton,31.3,MIL,0.569,18.8,9.9,24.0,1.5,16.2,9.3,16.5,2.15,0.37,2.52
Davis Bertans,19.5,SA,0.684,15.6,7.6,13.6,2.4,16.1,9.3,14.8,1.89,0.63,2.52
Kevon Looney,20.8,GS,0.647,24.3,8.7,12.2,13.8,15.4,14.6,16.85,1.04,1.46,2.5
Dwight Powell,16.5,DAL,0.654,11.1,10.8,19.0,9.3,18.2,13.9,19.98,0.77,1.72,2.49
Noah Vonleh,26.5,NY,0.581,19.0,12.8,14.4,7.5,27.4,17.0,15.21,0.23,2.24,2.47
Kelly Olynyk,20.7,MIA,0.608,16.5,12.5,19.2,5.0,17.0,11.0,15.48,1.33,1.07,2.4
Ed Davis,18.3,BKN,0.62,11.5,13.0,12.8,17.8,33.4,25.5,17.88,-0.57,2.83,2.26
Ben Simmons,33.4,PHI,0.589,31.8,13.5,23.7,7.1,21.7,14.6,20.99,0.59,1.65,2.24
Al Horford,28.1,BOS,0.568,24.7,9.7,18.7,5.7,18.5,12.1,17.78,0.02,2.19,2.21
Maximilian Kleber,18.5,DAL,0.5760000000000001,10.7,8.7,13.7,6.1,16.1,11.2,14.1,-0.33,2.38,2.05
Luka Doncic,32.0,DAL,0.563,19.4,12.3,28.2,3.7,18.4,11.3,18.74,2.58,-0.54,2.04
Steven Adams,34.0,OKC,0.605,10.7,9.5,16.9,14.0,16.8,15.3,20.19,0.1,1.9,2.0
JJ Redick,31.1,PHI,0.5920000000000001,14.2,7.1,22.5,0.9,6.7,3.9,15.18,2.62,-0.65,1.97
Domantas Sabonis,25.5,IND,0.667,17.9,13.9,23.5,12.0,30.1,21.3,24.45,1.08,0.88,1.96
De'Aaron Fox,31.5,SAC,0.561,27.5,11.6,26.2,1.9,10.0,5.9,19.18,2.15,-0.21,1.94
Daniel Theis,15.8,BOS,0.611,15.2,8.9,17.0,10.7,18.2,14.4,17.03,0.6,1.29,1.89
Draymond Green,31.3,GS,0.487,40.3,16.6,15.8,3.9,23.3,13.9,12.22,-1.96,3.84,1.88
Josh Richardson,34.8,MIA,0.536,17.4,7.9,23.2,2.5,9.3,5.9,14.9,1.8,0.07,1.87
Marvin Williams,27.5,CHA,0.546,10.6,5.0,14.6,3.7,18.5,11.0,12.77,1.3,0.56,1.86
Boban Marjanovic,10.7,LAC,0.662,9.1,15.8,24.0,15.2,26.6,21.1,25.07,-0.66,2.5,1.84
Thomas Bryant,18.0,WSH,0.722,12.1,7.7,15.1,6.9,24.7,15.7,21.61,0.21,1.57,1.78
Thaddeus Young,30.3,IND,0.5579999999999999,11.9,8.3,17.4,8.4,13.3,11.0,15.97,0.29,1.46,1.75
Monte Morris,24.4,DEN,0.5489999999999999,28.8,5.1,18.9,2.0,9.6,5.8,15.96,1.66,0.02,1.68
Larry Nance Jr.,25.6,CLE,0.588,26.5,10.9,16.0,9.2,24.2,16.4,18.99,0.21,1.47,1.68
Nerlens Noel,13.7,OKC,0.623,10.4,11.4,13.6,12.9,21.5,17.2,21.55,-1.4,3.04,1.64
DeAndre Jordan,31.2,DAL,0.6709999999999999,16.2,19.2,14.3,11.1,36.5,24.1,17.71,-2.45,4.07,1.62
DeMar DeRozan,35.3,SA,0.531,21.6,8.6,29.4,2.4,16.5,9.6,20.06,1.61,-0.03,1.58
Mason Plumlee,19.9,DEN,0.595,23.9,15.1,17.7,11.6,20.7,16.2,18.13,-0.39,1.95,1.56
Montrezl Harrell,25.3,LAC,0.6459999999999999,11.2,8.7,22.1,10.7,17.5,14.2,25.5,1.03,0.49,1.52
Juan Hernangomez,26.1,DEN,0.628,11.0,8.5,12.9,5.6,16.3,10.9,13.07,0.9,0.59,1.49
Jonas Valanciunas,18.8,TOR,0.639,7.9,10.6,24.8,10.6,30.2,20.6,25.11,-0.58,2.06,1.48
D.J. Augustin,27.8,ORL,0.625,31.0,9.7,17.9,2.0,6.3,4.1,15.25,2.56,-1.13,1.43
Tobias Harris,34.2,LAC,0.607,10.4,9.2,22.9,2.3,21.9,12.5,18.82,1.67,-0.24,1.43
Richaun Holmes,16.0,PHX,0.705,11.3,10.3,17.2,11.3,20.9,16.0,23.86,0.15,1.27,1.42
Jerami Grant,31.5,OKC,0.607,7.4,7.4,14.3,3.4,13.0,8.1,13.99,-0.3,1.69,1.39
Taj Gibson,25.6,MIN,0.595,11.6,9.2,15.9,10.8,17.8,14.3,16.79,0.17,1.17,1.34
Zaza Pachulia,13.1,DET,0.524,22.9,11.7,16.8,14.0,23.1,18.3,16.74,-1.4,2.74,1.34
Derrick Favors,23.5,UTAH,0.619,9.4,10.0,17.9,13.1,19.8,16.5,20.78,-0.39,1.71,1.32
Al-Farouq Aminu,30.1,POR,0.563,10.0,8.0,12.7,5.3,22.1,13.9,12.6,-0.08,1.4,1.32
Jonas Jerebko,20.0,GS,0.605,19.2,9.1,15.0,6.8,19.9,13.6,13.82,1.05,0.2,1.25
Marcus Morris,27.4,BOS,0.643,9.6,8.7,20.4,3.3,20.3,11.7,17.85,2.07,-0.83,1.24
Darren Collison,27.5,IND,0.55,36.6,9.3,17.2,1.9,9.3,5.7,14.93,0.72,0.5,1.22
Josh Hart,27.2,LAL,0.539,13.1,8.4,14.3,2.0,12.6,7.4,10.63,-0.58,1.78,1.2
Bradley Beal,36.7,WSH,0.574,16.8,9.2,27.4,3.0,11.6,7.3,19.6,2.32,-1.17,1.15
Fred VanVleet,26.8,TOR,0.529,28.9,8.2,19.0,1.6,9.0,5.4,13.52,1.24,-0.16,1.08
Jarrett Allen,26.5,BKN,0.634,11.9,11.1,16.6,10.4,23.5,16.9,19.78,-0.43,1.51,1.08
Bam Adebayo,21.8,MIA,0.606,21.3,12.8,16.1,10.4,22.9,16.6,18.03,-0.85,1.91,1.06
Donovan Mitchell,32.9,UTAH,0.517,13.6,10.0,29.9,1.9,10.1,6.1,15.44,0.86,0.17,1.03
Devin Booker,35.2,PHX,0.563,21.1,11.7,32.2,1.9,10.1,6.0,19.12,3.34,-2.31,1.03
Ian Mahinmi,14.7,WSH,0.57,15.1,11.9,12.7,11.7,17.5,14.5,14.31,-1.81,2.82,1.01
Cody Zeller,24.5,CHA,0.618,19.3,11.7,15.6,8.9,18.4,13.6,16.52,-0.5,1.49,0.99
Aron Baynes,14.2,BOS,0.5720000000000001,17.9,10.7,16.8,11.6,20.3,15.9,15.2,-1.15,2.13,0.98
Nikola Mirotic,29.6,NO,0.588,6.0,7.1,21.2,5.6,26.0,16.0,18.09,0.37,0.58,0.95
Aaron Gordon,33.5,ORL,0.5329999999999999,16.7,9.4,21.4,5.2,19.6,12.3,15.24,0.22,0.71,0.93
Jakob Poeltl,15.5,SA,0.631,19.0,12.0,14.8,16.2,20.0,18.1,19.12,-0.09,0.99,0.9
Jayson Tatum,31.0,BOS,0.551,9.7,8.5,21.8,3.5,18.3,10.8,15.65,0.05,0.84,0.89
Otto Porter Jr.,28.3,WSH,0.573,14.7,7.6,17.1,3.6,17.9,10.7,15.94,0.25,0.63,0.88
Jeremy Lamb,29.1,CHA,0.546,11.5,5.5,21.1,3.0,17.7,10.3,16.18,1.37,-0.49,0.88
Joe Harris,29.4,BKN,0.652,16.8,10.8,17.2,2.7,10.6,6.6,14.07,1.98,-1.11,0.87
Willie Cauley-Stein,28.6,SAC,0.536,16.1,7.6,20.0,8.4,24.3,16.1,17.94,-0.54,1.35,0.81
Hassan Whiteside,26.0,MIA,0.519,5.5,11.1,22.0,15.2,35.6,25.3,20.95,-2.75,3.55,0.8
Cory Joseph,25.7,IND,0.518,31.9,10.2,14.9,1.7,13.4,7.7,11.64,-0.59,1.37,0.78
Jae Crowder,27.3,UTAH,0.541,11.8,7.0,18.5,2.9,15.9,9.4,12.75,1.6,-0.82,0.78
D'Angelo Russell,29.3,BKN,0.52,23.5,10.9,31.2,1.8,12.2,7.0,17.71,1.7,-0.93,0.77
Ricky Rubio,29.2,UTAH,0.51,28.3,14.0,24.3,1.4,11.8,6.6,12.7,-0.29,1.05,0.76
PJ Tucker,35.1,HOU,0.5660000000000001,13.1,9.3,9.8,4.4,15.8,9.9,9.09,-0.97,1.72,0.75
Myles Turner,27.9,IND,0.565,12.0,10.9,19.9,5.9,22.1,14.2,17.79,-2.61,3.32,0.71
Tyson Chandler,18.1,LAL/PHX,0.634,17.6,18.1,8.2,12.2,25.7,19.1,12.38,-2.34,3.05,0.71
Justise Winslow,28.7,MIA,0.509,23.0,11.3,21.5,3.4,15.9,9.6,13.25,-0.64,1.34,0.7
Tyus Jones,20.5,MIN,0.469,38.1,5.7,15.1,1.5,7.3,4.3,12.87,-0.48,1.17,0.69
Mike Muscala,22.4,PHI,0.563,15.9,11.1,14.5,5.3,15.1,10.3,10.45,-0.65,1.32,0.67
Derrick White,24.0,SA,0.56,27.7,12.3,17.4,2.0,12.1,7.1,13.34,-0.41,1.03,0.62
Ivica Zubac,13.2,LAL,0.607,10.2,10.2,18.2,11.2,20.9,16.2,19.08,-1.52,2.13,0.61
Andre Iguodala,23.1,GS,0.56,34.5,9.8,11.3,3.4,12.9,8.3,11.91,-0.88,1.46,0.58
Meyers Leonard,14.2,POR,0.632,19.0,12.0,16.0,6.7,23.3,15.2,15.6,0.02,0.56,0.58
George Hill,23.6,CLE/MIL,0.555,23.0,8.7,17.8,3.7,6.6,5.1,11.72,0.56,0.0,0.56
Malcolm Brogdon,29.6,MIL,0.633,20.0,9.8,20.2,3.8,12.0,8.1,17.8,1.53,-1.0,0.53
Jaren Jackson Jr.,25.5,MEM,0.606,8.6,11.7,21.5,5.1,16.1,10.5,18.0,-1.67,2.19,0.52
Serge Ibaka,28.1,TOR,0.593,8.9,11.2,22.7,7.5,20.3,14.1,19.08,0.13,0.38,0.51
Gordon Hayward,26.4,BOS,0.537,23.5,9.3,19.8,3.6,15.9,9.7,14.9,0.74,-0.28,0.46
Ryan Arcidiacono,26.7,CHI,0.595,36.5,9.1,11.2,1.1,9.1,5.1,10.42,0.21,0.19,0.4
CJ McCollum,34.2,POR,0.546,11.3,6.6,25.6,2.7,8.5,5.7,16.72,2.02,-1.63,0.39
Patty Mills,23.8,SA,0.5820000000000001,23.7,9.4,17.2,1.3,9.8,5.6,12.93,1.73,-1.38,0.35
Omri Casspi,12.4,MEM,0.595,13.2,8.4,17.1,3.6,24.9,14.0,15.7,-0.86,1.18,0.32
Lou Williams,25.3,LAC,0.563,20.6,9.9,32.1,1.7,8.9,5.5,21.11,3.09,-2.77,0.32
Luke Kornet,13.8,NY,0.59,17.7,7.4,17.4,4.0,15.2,9.3,16.37,-0.45,0.73,0.28
Tomas Satoransky,22.0,WSH,0.605,32.9,11.0,14.7,3.4,10.0,6.7,13.58,-0.29,0.53,0.24
John Collins,30.0,ATL,0.634,11.8,11.6,23.1,13.6,23.9,18.6,21.83,0.97,-0.75,0.22
Bogdan Bogdanovic,28.0,SAC,0.542,19.9,8.7,23.6,1.6,12.3,6.9,15.19,1.39,-1.21,0.18
Gary Harris,31.3,DEN,0.535,14.7,5.9,22.3,2.6,8.9,5.7,14.83,0.71,-0.55,0.16
Kyle Kuzma,32.8,LAL,0.555,11.3,9.1,22.9,2.3,15.4,9.0,14.89,0.72,-0.56,0.16
Wesley Matthews,30.1,DAL,0.563,15.1,8.5,18.6,1.8,6.5,4.2,11.97,0.86,-0.72,0.14
Danuel House Jr.,24.1,HOU,0.639,11.7,9.7,13.4,3.8,13.7,8.6,13.0,0.51,-0.38,0.13
Jeff Teague,30.7,MIN,0.517,38.0,10.6,21.3,1.2,7.2,4.2,15.08,0.5,-0.37,0.13
Thon Maker,12.1,MIL,0.5539999999999999,8.8,5.3,16.2,4.8,18.3,11.9,13.52,-1.28,1.39,0.11
Jamal Murray,34.2,DEN,0.513,19.5,10.1,26.5,3.3,11.5,7.4,14.63,1.27,-1.17,0.1
T.J. Warren,31.6,PHX,0.585,8.5,6.4,22.2,2.6,12.2,7.3,17.42,1.56,-1.47,0.09
Pat Connaughton,18.7,MIL,0.51,24.6,4.9,15.0,5.2,15.3,10.5,13.46,-0.47,0.53,0.06
Dewayne Dedmon,24.6,ATL,0.568,12.0,12.8,16.4,6.5,26.5,16.3,14.19,-1.83,1.88,0.05
Patrick Beverley,24.9,LAC,0.531,30.9,9.8,13.5,3.3,12.3,8.0,9.74,0.43,-0.38,0.05
Mikal Bridges,26.1,PHX,0.542,17.1,7.7,12.5,2.4,9.8,6.0,10.51,-0.53,0.55,0.02
Thabo Sefolosha,11.1,UTAH,0.616,11.2,16.8,11.5,1.5,25.9,13.8,11.57,-1.34,1.33,-0.01
LaMarcus Aldridge,32.6,SA,0.5660000000000001,10.8,8.2,26.1,9.5,19.2,14.4,22.04,-0.07,0.05,-0.02
Mitchell Robinson,17.2,NY,0.635,13.1,11.7,10.4,12.3,11.4,11.8,16.73,-1.18,1.15,-0.03
Terry Rozier,22.6,BOS,0.491,22.6,6.6,18.6,2.3,16.7,9.5,12.79,-0.15,0.09,-0.06
Marcin Gortat,16.9,LAC,0.568,21.9,14.9,14.5,9.9,25.4,18.0,13.61,-2.21,2.12,-0.09
Tony Snell,17.5,MIL,0.595,12.3,5.9,13.5,2.4,9.4,6.1,11.18,0.13,-0.26,-0.13
Bryn Forbes,28.3,SA,0.589,16.1,8.4,18.0,0.8,9.6,5.3,12.46,0.72,-0.85,-0.13
Doug McDermott,17.6,IND,0.632,12.0,7.4,14.4,1.1,6.9,4.1,11.21,0.15,-0.28,-0.13
Iman Shumpert,25.5,SAC,0.54,17.5,6.9,15.2,1.7,10.2,5.8,11.3,0.48,-0.64,-0.16
Damian Jones,17.1,GS,0.72,20.9,11.9,11.2,8.5,11.3,9.9,15.61,-0.88,0.7,-0.18
Gerald Green,20.3,HOU,0.5820000000000001,4.9,8.9,17.3,2.6,12.4,7.4,11.33,0.6,-0.79,-0.19
Langston Galloway,22.3,DET,0.529,12.1,3.9,15.9,3.0,8.8,5.8,10.46,1.55,-1.76,-0.21
Andre Drummond,33.4,DET,0.518,6.1,13.0,23.2,16.2,33.3,24.3,20.49,-1.59,1.37,-0.22
Spencer Dinwiddie,28.5,BKN,0.593,23.4,10.4,25.8,1.6,7.9,4.8,17.77,3.02,-3.26,-0.24
Zach Collins,18.9,POR,0.583,11.3,13.3,16.2,7.4,16.4,12.1,13.78,-1.07,0.82,-0.25
David Nwaba,16.4,CLE,0.517,10.3,6.2,16.2,3.1,16.2,9.4,11.96,-0.98,0.73,-0.25
Ersan Ilyasova,19.4,MIL,0.555,12.8,10.5,16.4,9.0,19.2,14.4,13.13,-1.09,0.8,-0.29
Buddy Hield,31.3,SAC,0.597,10.8,9.2,24.1,3.8,12.4,8.0,17.07,1.42,-1.75,-0.33
Reggie Jackson,28.4,DET,0.531,21.1,9.9,24.4,2.4,8.3,5.2,13.68,1.46,-1.83,-0.37
Julius Randle,29.5,NO,0.61,13.2,11.4,26.1,8.5,24.8,16.8,21.83,1.35,-1.73,-0.38
Jeff Green,27.3,WSH,0.607,13.8,9.6,16.4,4.2,15.5,9.7,14.0,0.61,-1.0,-0.39
Frank Kaminsky,11.4,CHA,0.595,16.6,12.0,20.4,7.3,16.1,11.6,16.38,-1.12,0.73,-0.39
Derrick Rose,29.7,MIN,0.5720000000000001,20.8,7.7,26.8,2.3,8.0,5.1,19.78,2.28,-2.69,-0.41
Rajon Rondo,24.4,LAL,0.505,39.1,12.5,20.2,3.4,14.9,9.3,14.25,-0.61,0.2,-0.41
Kentavious Caldwell-Pope,23.2,LAL,0.578,10.3,6.0,16.1,2.2,9.3,5.8,12.64,1.58,-1.99,-0.41
Maurice Harkless,21.6,POR,0.518,10.5,8.3,12.1,4.8,14.9,10.0,10.71,-1.71,1.28,-0.43
Derrick Jones Jr.,18.5,MIA,0.5670000000000001,6.1,9.5,16.2,11.1,14.7,12.9,16.5,-1.14,0.7,-0.44
Jeremy Lin,19.4,ATL,0.617,24.6,13.6,23.7,1.5,12.0,6.6,17.29,0.97,-1.45,-0.48
Wilson Chandler,25.6,PHI,0.527,22.2,11.3,11.6,5.4,13.7,9.6,8.42,-0.87,0.38,-0.49
Semi Ojeleye,11.2,BOS,0.521,8.4,8.4,14.4,4.3,12.1,8.2,8.63,-1.48,0.98,-0.5
Kyle Anderson,29.7,MEM,0.569,27.0,11.1,13.0,4.0,18.9,11.3,13.36,-2.38,1.86,-0.52
Lonzo Ball,30.0,LAL,0.483,29.9,12.8,17.7,3.8,13.7,8.9,11.41,-1.01,0.48,-0.53
Kyle Korver,17.8,CLE/UTAH,0.612,10.9,9.6,17.4,0.8,11.3,6.0,12.29,-0.05,-0.5,-0.55
Evan Fournier,30.6,ORL,0.529,18.3,10.7,23.1,1.7,9.0,5.3,11.87,0.35,-0.92,-0.57
Marco Belinelli,22.0,SA,0.562,15.2,6.6,19.9,1.1,9.9,5.6,13.37,1.24,-1.81,-0.57
Malik Beasley,22.1,DEN,0.588,12.2,5.8,17.4,1.9,10.4,6.2,13.47,0.93,-1.51,-0.58
Darius Miller,23.2,NO,0.579,19.3,9.8,12.6,0.9,6.0,3.5,8.21,-0.05,-0.54,-0.59
Garrett Temple,31.8,MEM,0.557,11.2,9.9,13.7,1.2,10.2,5.6,9.09,-1.62,1.02,-0.6
Rodney Hood,27.7,CLE,0.5589999999999999,13.9,6.2,19.2,1.3,9.0,5.0,13.72,0.61,-1.23,-0.62
Bojan Bogdanovic,31.6,IND,0.624,10.5,9.9,19.5,2.1,11.8,7.1,15.4,0.89,-1.51,-0.62
Justin Jackson,21.9,SAC,0.564,16.5,5.5,13.0,2.6,11.5,7.0,10.77,0.28,-0.93,-0.65
Cheick Diallo,9.4,NO,0.619,8.5,18.0,14.2,10.0,29.1,19.8,15.36,-1.84,1.17,-0.67
Michael Kidd-Gilchrist,19.3,CHA,0.5539999999999999,10.5,8.8,16.8,9.9,16.5,13.2,15.46,-1.18,0.5,-0.68
Matthew Dellavedova,14.2,CLE/MIL,0.613,35.1,15.5,21.7,0.3,9.4,4.8,13.0,-0.12,-0.57,-0.69
Kent Bazemore,27.4,ATL,0.546,15.0,11.9,22.0,2.2,13.5,7.7,14.67,-1.13,0.44,-0.69
Anthony Tolliver,15.0,MIN,0.601,12.2,12.2,12.1,2.3,12.1,7.1,9.04,-1.15,0.42,-0.73
Seth Curry,17.3,POR,0.578,12.3,11.6,14.5,1.7,6.1,3.9,8.68,-0.44,-0.29,-0.73
Sam Dekker,17.1,CLE/WSH,0.569,12.1,5.8,14.8,6.8,15.1,10.9,16.97,-0.56,-0.17,-0.73
Tyreke Evans,20.7,IND,0.474,15.6,12.7,26.7,3.2,11.9,7.7,11.5,-0.86,0.1,-0.76
Shabazz Napier,16.9,BKN,0.55,18.4,9.9,23.8,1.9,9.6,5.7,15.59,0.36,-1.12,-0.76
Justin Holiday,33.2,CHI/MEM,0.517,15.3,8.5,15.0,1.6,12.4,6.9,10.6,-0.95,0.17,-0.78
Alex Len,20.1,ATL,0.54,7.8,13.1,21.4,10.8,18.7,14.7,14.46,-1.96,1.13,-0.83
John Wall,34.5,WSH,0.527,27.1,11.8,30.1,1.5,10.2,5.8,18.49,0.77,-1.6,-0.83
Clint Capela,34.1,HOU,0.642,8.6,9.5,19.1,16.0,26.2,21.0,24.72,-0.67,-0.2,-0.87
Tyler Johnson,24.8,MIA,0.552,17.2,10.4,20.1,1.9,10.7,6.2,13.59,-0.68,-0.19,-0.87
Harrison Barnes,32.1,DAL,0.557,5.8,7.3,22.4,2.7,11.0,7.0,14.48,0.19,-1.06,-0.87
Aaron Holiday,11.3,IND,0.526,19.6,9.0,23.4,0.9,14.5,7.9,14.79,-0.66,-0.23,-0.89
Tim Hardaway Jr.,32.9,NY,0.5329999999999999,11.6,8.3,25.9,1.7,9.4,5.4,14.92,1.46,-2.37,-0.91
DeMarre Carroll,24.0,BKN,0.5529999999999999,9.0,9.3,18.6,4.2,17.7,10.9,12.16,-0.52,-0.41,-0.93
Andrew Wiggins,34.4,MIN,0.4970000000000001,10.6,7.9,23.8,2.9,10.2,6.5,12.6,0.73,-1.68,-0.95
James Ennis III,23.0,HOU,0.619,9.4,8.4,12.1,4.4,8.7,6.5,11.13,-0.49,-0.48,-0.97
Emmanuel Mudiay,26.6,NY,0.526,20.7,9.9,25.3,2.3,9.6,5.8,15.89,0.38,-1.35,-0.97
Goran Dragic,29.1,MIA,0.51,21.7,11.2,26.6,2.0,9.1,5.5,13.47,-0.92,-0.06,-0.98
Troy Daniels,14.4,PHX,0.575,6.9,10.8,17.4,2.3,7.6,4.9,10.52,-1.01,-0.01,-1.02
Caris LeVert,29.7,BKN,0.557,16.6,9.6,27.0,3.6,12.1,7.8,18.53,-0.15,-0.89,-1.04
J.J. Barea,19.8,DAL,0.495,30.0,10.3,29.7,1.9,11.4,6.8,16.59,0.65,-1.7,-1.05
Jake Layman,15.1,POR,0.586,8.3,9.4,14.3,5.4,12.3,8.9,12.91,-1.55,0.48,-1.07
Sterling Brown,14.9,MIL,0.557,17.3,7.6,14.7,4.0,16.1,10.4,11.4,-1.03,-0.05,-1.08
Klay Thompson,34.5,GS,0.5479999999999999,8.5,6.9,25.5,1.5,11.1,6.5,16.13,0.74,-1.82,-1.08
Kris Dunn,30.4,CHI,0.517,31.0,10.9,23.4,0.4,16.0,8.1,15.14,-0.67,-0.42,-1.09
Devin Harris,15.2,DAL,0.531,14.5,9.4,18.5,0.7,10.8,5.9,11.55,-0.97,-0.14,-1.11
Mike Scott,14.4,LAC,0.484,14.5,8.8,14.7,3.9,20.7,12.6,8.76,-1.87,0.73,-1.14
Dante Exum,16.3,UTAH,0.53,25.2,10.8,22.3,2.6,8.5,5.6,12.92,-0.66,-0.49,-1.15
JaVale McGee,23.1,LAL,0.612,7.1,13.6,18.6,11.5,18.7,15.2,20.61,-2.64,1.49,-1.15
Lauri Markkanen,31.2,CHI,0.536,5.8,9.4,22.7,3.7,21.1,12.4,14.75,-1.62,0.46,-1.16
Jaylen Brown,26.1,BOS,0.523,10.4,10.3,20.8,4.1,12.7,8.3,11.91,-1.83,0.67,-1.16
Kosta Koufos,13.5,SAC,0.478,17.3,12.6,14.7,11.2,27.5,19.2,12.47,-2.31,1.14,-1.17
Lance Thomas,15.1,NY,0.455,10.9,12.1,11.9,3.5,14.9,9.0,6.2,-2.57,1.38,-1.19
Elfrid Payton,26.1,NO,0.561,31.1,14.4,21.3,3.1,11.3,7.3,14.89,-0.49,-0.71,-1.2
Wendell Carter Jr.,25.1,CHI,0.546,13.8,11.3,18.7,8.5,21.5,15.0,15.75,-3.16,1.96,-1.2
Deandre Ayton,31.0,PHX,0.622,12.2,10.5,20.6,11.3,27.9,19.5,21.81,-1.19,-0.07,-1.26
Jared Dudley,22.0,BKN,0.523,21.1,12.0,11.3,2.8,11.0,6.9,7.24,-1.26,-0.05,-1.31
Furkan Korkmaz,15.7,PHI,0.526,15.6,7.5,18.0,2.6,14.2,8.6,11.88,-0.14,-1.18,-1.32
Willy Hernangomez,13.6,CHA,0.584,11.7,12.1,23.2,16.3,26.0,21.1,21.49,-0.63,-0.7,-1.33
Amir Johnson,9.3,PHI,0.597,22.7,17.4,18.2,8.0,20.2,14.3,12.97,-1.55,0.2,-1.35
Nicolas Batum,30.7,CHA,0.5820000000000001,27.0,12.6,13.6,3.1,15.3,9.1,11.74,-0.57,-0.81,-1.38
Zach LaVine,34.1,CHI,0.5660000000000001,14.5,12.5,30.6,1.4,12.5,6.9,18.09,0.47,-1.85,-1.38
Dario Saric,25.3,MIN/PHI,0.544,12.7,10.4,18.1,6.1,17.9,12.1,12.08,-0.55,-0.84,-1.39
Jalen Brunson,16.4,DAL,0.506,23.0,8.3,18.4,1.9,8.4,5.3,11.09,-0.93,-0.49,-1.42
Jaron Blossomgame,16.6,CLE,0.544,9.6,9.6,11.4,6.5,18.6,12.3,10.99,-1.77,0.32,-1.45
Norman Powell,18.2,TOR,0.563,15.6,9.1,16.7,0.8,11.5,6.3,11.64,-0.76,-0.7,-1.46
Wayne Ellington,22.7,MIA,0.526,13.7,6.6,16.0,1.4,8.4,4.9,10.21,-0.94,-0.53,-1.47
Tristan Thompson,29.8,CLE,0.5529999999999999,15.6,10.5,17.6,16.3,26.0,20.9,19.2,-0.33,-1.15,-1.48
Rodions Kurucs,20.0,BKN,0.593,7.1,12.3,18.0,4.8,14.7,9.7,13.05,-1.21,-0.29,-1.5
Kevin Huerter,26.4,ATL,0.531,20.2,12.5,15.4,3.3,9.7,6.4,9.34,-1.51,-0.02,-1.53
James Johnson,20.1,MIA,0.509,19.7,8.8,19.9,2.5,14.5,8.5,11.92,-1.49,-0.08,-1.57
Enes Kanter,26.5,NY,0.593,12.3,11.6,22.1,15.3,28.6,21.6,22.43,-0.31,-1.26,-1.57
Ish Smith,24.4,DET,0.483,21.9,8.3,19.3,0.2,8.7,4.2,8.96,-1.26,-0.32,-1.58
Trey Burke,19.9,NY,0.491,18.7,5.5,26.2,2.6,8.2,5.3,15.94,0.13,-1.72,-1.59
Gary Clark,15.2,HOU,0.476,12.5,1.8,9.9,3.9,16.5,10.0,9.08,-1.58,-0.02,-1.6
Shai Gilgeous-Alexander,25.9,LAC,0.563,21.5,13.2,17.5,3.1,8.2,5.8,12.91,-1.03,-0.58,-1.61
Alex Abrines,19.8,OKC,0.51,10.4,7.3,12.1,0.9,7.7,4.2,6.62,-2.12,0.45,-1.67
Donte DiVincenzo,15.6,MIL,0.4920000000000001,17.2,11.5,15.1,4.0,11.8,8.1,8.63,-1.37,-0.3,-1.67
Tim Frazier,19.4,NO,0.556,42.9,13.5,14.1,3.8,11.3,7.7,11.12,-0.56,-1.17,-1.73
Alfonzo McKinnie,14.3,GS,0.545,8.0,8.6,14.9,10.5,18.0,14.4,11.37,-1.18,-0.55,-1.73
Rodney McGruder,28.1,MIA,0.532,17.7,9.9,16.1,3.6,11.3,7.4,10.21,-0.76,-0.97,-1.73
Ante Zizic,11.7,CLE,0.5529999999999999,9.9,13.8,18.6,12.3,23.3,17.6,15.15,-2.41,0.67,-1.74
Landry Shamet,20.2,PHI,0.598,10.9,6.0,14.6,1.4,6.3,3.9,10.25,0.76,-2.5,-1.74
T.J. McConnell,21.0,PHI,0.596,34.3,13.1,15.2,2.1,8.6,5.4,13.44,-0.6,-1.14,-1.74
Royce O'Neale,16.6,UTAH,0.56,20.4,13.9,12.3,2.0,18.3,10.2,8.82,-2.54,0.77,-1.77
Lance Stephenson,15.3,LAL,0.536,20.2,12.0,21.6,3.1,16.7,10.1,13.57,-0.34,-1.43,-1.77
E'Twaun Moore,30.0,NO,0.561,14.7,7.9,17.3,2.8,5.7,4.3,11.63,0.54,-2.31,-1.77
Gorgui Dieng,13.9,MIN,0.565,12.5,11.0,16.7,6.5,25.0,15.6,15.21,-2.03,0.26,-1.77
Yogi Ferrell,14.1,SAC,0.5589999999999999,23.2,5.7,17.3,0.7,10.0,5.2,13.63,-0.28,-1.5,-1.78
Tony Parker,18.6,CHA,0.5,26.3,9.1,25.9,1.2,7.4,4.3,14.78,-0.86,-0.95,-1.81
Jon Leuer,11.0,DET,0.6409999999999999,8.4,14.3,15.2,6.9,20.7,13.5,14.36,-2.03,0.21,-1.82
Malik Monk,19.0,CHA,0.529,14.0,9.7,25.1,1.1,8.3,4.7,13.34,0.46,-2.28,-1.82
Trey Lyles,19.2,DEN,0.498,11.2,10.8,23.4,4.2,20.0,12.1,12.42,-2.04,0.14,-1.9
Delon Wright,18.3,TOR,0.515,23.7,7.8,16.9,4.6,10.2,7.5,13.79,-1.03,-0.9,-1.93
Eric Gordon,33.2,HOU,0.498,11.1,7.7,22.3,1.3,7.1,4.2,10.13,0.82,-2.77,-1.95
Dennis Schroder,29.2,OKC,0.4920000000000001,19.6,11.3,25.9,1.8,11.3,6.5,12.56,-0.85,-1.11,-1.96
Vince Carter,17.3,ATL,0.541,12.0,8.5,16.6,2.6,15.0,8.7,10.93,-1.43,-0.57,-2.0
Terrence Ross,25.8,ORL,0.5489999999999999,9.9,7.2,22.1,1.3,12.1,6.6,14.03,-0.3,-1.71,-2.01
Tyrone Wallace,10.1,LAC,0.472,11.3,8.4,18.9,4.5,12.0,8.4,10.51,-1.95,-0.12,-2.07
Troy Williams,15.9,SAC,0.55,9.0,7.2,14.2,3.2,17.0,9.9,11.28,-1.76,-0.32,-2.08
Stanley Johnson,20.5,DET,0.485,11.2,12.5,20.3,3.1,16.5,9.5,9.82,-2.91,0.82,-2.09
Dennis Smith Jr.,27.7,DAL,0.534,20.6,16.4,23.2,2.1,7.8,5.1,11.49,-1.48,-0.65,-2.13
Dorian Finney-Smith,24.4,DAL,0.5479999999999999,8.0,10.9,12.8,7.2,11.9,9.6,10.71,-1.25,-0.89,-2.14
Ryan Anderson,18.5,PHX,0.423,17.9,12.6,12.1,5.6,12.8,9.2,4.74,-3.11,0.94,-2.17
Damyean Dotson,25.0,NY,0.534,10.8,6.4,16.2,2.8,13.0,7.7,11.95,-1.1,-1.08,-2.18
Quinn Cook,15.5,GS,0.583,18.9,8.7,20.9,2.4,13.6,8.2,14.81,0.28,-2.46,-2.18
Carmelo Anthony,29.4,HOU,0.513,3.5,5.6,19.7,3.4,17.9,10.4,11.23,-2.36,0.17,-2.19
Jonathan Isaac,24.5,ORL,0.51,8.4,11.0,15.2,4.2,16.6,10.3,10.7,-2.95,0.72,-2.23
Cristiano Felicio,10.4,CHI,0.6,14.6,13.5,12.6,8.9,22.0,15.4,12.34,-1.98,-0.26,-2.24
De'Anthony Melton,21.3,PHX,0.461,29.1,14.9,17.8,2.3,12.1,7.2,10.17,-2.07,-0.18,-2.25
Reggie Bullock,30.5,DET,0.569,16.7,7.9,16.7,1.7,7.7,4.6,11.28,0.01,-2.27,-2.26
Devonte' Graham,13.4,CHA,0.524,31.3,8.4,17.9,0.4,9.9,5.1,12.82,-0.95,-1.32,-2.27
Bobby Portis,22.9,CHI,0.52,6.7,10.1,25.2,7.9,26.8,17.3,16.31,-1.93,-0.34,-2.27
Dante Cunningham,17.5,SA,0.589,20.7,9.8,9.2,6.4,18.4,12.5,10.96,-2.16,-0.13,-2.29
Shaun Livingston,15.7,GS,0.498,29.3,9.5,14.5,5.3,9.1,7.3,12.05,-2.42,0.12,-2.3
Shelvin Mack,23.2,MEM,0.508,25.8,9.4,18.0,1.6,8.1,4.8,11.2,-0.83,-1.51,-2.34
Hamidou Diallo,12.2,OKC,0.52,7.7,9.7,16.4,7.0,12.4,9.7,11.31,-1.28,-1.09,-2.37
Markelle Fultz,22.5,PHI,0.452,23.1,9.8,19.9,6.7,10.7,8.8,10.65,-2.47,0.09,-2.38
Josh Okogie,21.4,MIN,0.477,12.1,9.4,16.2,3.0,12.3,7.5,8.84,-2.13,-0.33,-2.46
Trevor Ariza,35.2,PHX/WSH,0.503,21.6,10.3,14.3,1.9,16.0,8.9,10.54,-1.18,-1.3,-2.48
Robin Lopez,16.3,CHI,0.5429999999999999,13.0,18.5,17.1,7.4,9.4,8.4,10.14,-3.41,0.9,-2.51
Miles Bridges,19.3,CHA,0.523,12.9,7.7,14.6,3.0,17.2,10.0,11.34,-1.57,-0.95,-2.52
Jerian Grant,17.6,ORL,0.495,36.4,12.4,14.2,2.1,8.5,5.2,9.55,-1.84,-0.71,-2.55
Dillon Brooks,18.3,MEM,0.499,9.4,11.2,20.3,3.1,7.8,5.4,8.0,-1.78,-0.78,-2.56
Brandon Ingram,32.0,LAL,0.516,12.3,12.0,23.2,2.7,12.3,7.6,11.77,-2.65,0.03,-2.62
Allen Crabbe,26.1,BKN,0.501,9.2,9.8,16.9,1.9,12.5,7.2,7.55,-1.88,-0.77,-2.65
OG Anunoby,20.9,TOR,0.526,8.6,8.0,15.5,4.2,11.1,7.7,9.93,-1.68,-0.98,-2.66
JaMychal Green,23.4,MEM,0.604,7.1,14.7,19.4,9.3,24.6,16.8,16.64,-2.14,-0.52,-2.66
Markieff Morris,26.0,WSH,0.5429999999999999,12.8,10.1,19.0,5.0,16.8,10.8,12.58,-1.15,-1.53,-2.68
Jordan Bell,11.4,GS,0.5539999999999999,28.5,12.5,11.9,7.2,17.6,12.6,13.45,-2.33,-0.36,-2.69
Luke Kennard,19.0,DET,0.508,14.3,8.6,17.5,0.9,15.1,7.7,9.37,-1.86,-0.83,-2.69
Isaiah Canaan,26.5,PHX,0.515,27.1,12.7,15.0,1.1,10.0,5.5,7.57,-1.4,-1.31,-2.71
Austin Rivers,26.7,HOU/WSH,0.512,19.3,10.3,14.6,1.4,9.4,5.3,7.69,-0.77,-1.97,-2.74
Greg Monroe,11.3,TOR,0.4920000000000001,6.5,11.8,21.4,16.7,24.6,20.7,15.52,-3.12,0.37,-2.75
Taurean Prince,28.7,ATL,0.5670000000000001,12.6,14.2,22.1,1.0,13.9,7.3,11.86,-1.61,-1.18,-2.79
Sviatoslav Mykhailiuk,9.8,LAL,0.459,17.3,13.6,15.9,1.8,4.5,3.2,5.51,-1.99,-0.81,-2.8
Torrey Craig,22.1,DEN,0.515,13.1,11.0,12.9,7.7,12.5,10.1,9.14,-1.86,-0.98,-2.84
Rondae Hollis-Jefferson,24.0,BKN,0.469,13.9,9.0,20.9,6.1,20.1,13.0,12.67,-2.49,-0.36,-2.85
Solomon Hill,20.9,NO,0.503,20.7,12.8,9.4,4.7,11.5,8.2,6.77,-2.15,-0.71,-2.86
Jordan Clarkson,26.5,CLE,0.5429999999999999,11.4,8.6,28.5,3.9,10.3,7.0,17.9,0.68,-3.55,-2.87
Mario Hezonja,18.1,NY,0.476,9.3,11.3,20.9,2.3,17.7,9.6,10.14,-2.78,-0.1,-2.88
Terrance Ferguson,22.1,OKC,0.535,10.0,8.5,9.9,2.4,5.8,4.1,5.58,-2.14,-0.74,-2.88
MarShon Brooks,13.3,MEM,0.518,10.9,9.2,23.1,3.5,10.0,6.7,12.14,-1.53,-1.35,-2.88
Patrick Patterson,14.8,OKC,0.483,10.5,6.8,12.7,4.6,13.3,8.9,8.5,-2.96,0.03,-2.93
Wayne Selden,14.2,CHI/MEM,0.5,16.3,9.7,14.7,3.7,7.1,5.4,9.39,-1.57,-1.44,-3.01
Glenn Robinson III,14.6,DET,0.486,8.5,8.5,14.2,2.3,8.1,5.0,7.23,-3.22,0.18,-3.04
DeAndre' Bembry,24.4,ATL,0.487,20.1,12.8,17.6,2.5,16.3,9.2,10.32,-2.69,-0.35,-3.04
Bruce Brown,20.1,DET,0.462,18.0,9.6,13.5,4.2,11.0,7.4,7.65,-3.18,0.07,-3.11
Dwyane Wade,25.4,MIA,0.507,19.7,10.7,27.4,3.5,11.0,7.2,15.0,-0.76,-2.35,-3.11
Shaquille Harrison,17.7,CHI,0.463,19.6,9.1,17.3,2.5,14.8,8.6,11.87,-2.72,-0.45,-3.17
Chandler Hutchison,18.6,CHI,0.494,12.4,9.7,11.9,4.0,18.2,11.1,8.31,-3.12,-0.07,-3.19
Wesley Johnson,15.4,NO,0.532,14.2,10.7,10.8,3.0,12.3,7.8,7.04,-2.32,-0.89,-3.21
Elie Okobo,18.4,PHX,0.479,22.9,14.0,19.3,1.4,10.5,5.9,7.71,-2.49,-0.75,-3.24
Harry Giles,11.7,SAC,0.491,16.9,14.4,23.8,8.1,21.2,14.5,13.9,-3.27,-0.01,-3.28
Kelly Oubre Jr.,25.9,PHX/WSH,0.551,6.2,8.8,21.4,3.0,15.0,8.9,13.73,-1.27,-2.1,-3.37
Marvin Bagley III,23.0,SAC,0.5820000000000001,6.8,11.9,21.0,10.2,18.1,14.0,18.03,-1.74,-1.64,-3.38
Jose Calderon,14.6,DET,0.416,39.8,12.8,13.1,1.8,9.1,5.3,6.31,-2.78,-0.62,-3.4
Josh Jackson,22.5,PHX,0.474,15.7,15.8,23.7,3.5,16.8,10.1,9.68,-2.78,-0.63,-3.41
Omari Spellman,16.5,ATL,0.499,12.6,9.3,15.5,10.5,15.3,12.8,12.96,-2.65,-0.85,-3.5
Frank Jackson,12.7,NO,0.562,11.0,10.4,16.7,0.9,7.0,4.0,8.45,-0.67,-2.92,-3.59
Frank Mason III,12.6,SAC,0.483,30.2,10.6,21.5,1.1,9.3,5.1,12.47,-1.5,-2.11,-3.61
Alec Burks,23.4,CLE/UTAH,0.526,15.9,8.2,19.6,2.0,15.1,8.4,13.31,-0.72,-2.92,-3.64
Evan Turner,24.5,POR,0.505,28.8,14.0,18.0,2.8,17.2,10.2,11.34,-2.83,-0.85,-3.68
Cameron Payne,17.7,CHI/CLE,0.513,27.6,11.3,18.2,1.8,9.0,5.4,11.54,-1.49,-2.32,-3.81
Trae Young,29.5,ATL,0.499,26.9,14.9,28.5,2.3,8.3,5.2,12.82,-0.24,-3.76,-4.0
Ian Clark,13.5,NO,0.463,21.0,11.9,15.4,1.3,9.7,5.6,5.54,-2.6,-1.5,-4.1
Nik Stauskas,16.0,POR,0.5589999999999999,18.5,11.8,18.2,1.7,10.7,6.3,11.58,-1.5,-2.74,-4.24
CJ Miles,14.2,TOR,0.4320000000000001,8.7,8.3,17.5,1.9,10.7,6.4,5.23,-3.09,-1.19,-4.28
Wesley Iwundu,17.1,ORL,0.4920000000000001,13.0,11.0,13.7,2.1,10.7,6.3,6.43,-3.51,-0.8,-4.31
Jabari Parker,29.2,CHI,0.515,11.7,13.1,24.3,4.2,21.3,12.7,12.74,-2.78,-1.59,-4.37
Mo Bamba,16.6,ORL,0.521,11.5,11.2,17.8,8.9,23.9,16.2,14.9,-3.67,-0.81,-4.48
Avery Bradley,28.8,LAC,0.447,16.7,10.8,13.8,2.2,6.2,4.3,5.06,-3.64,-0.97,-4.61
Jonathon Simmons,20.7,ORL,0.438,18.9,12.0,20.1,2.6,9.4,6.0,7.24,-3.99,-0.77,-4.76
Antonio Blakeney,15.9,CHI,0.506,5.7,6.9,24.1,1.0,11.6,6.3,11.97,-2.15,-2.75,-4.9
Cedi Osman,31.8,CLE,0.506,14.4,10.6,18.2,1.8,15.5,8.4,9.36,-1.65,-3.49,-5.14
Allonzo Trier,22.1,NY,0.5429999999999999,14.2,13.7,20.8,2.2,11.5,6.6,11.5,-2.34,-2.96,-5.3
Frank Ntilikina,21.1,NY,0.439,23.4,12.5,17.1,1.1,8.7,4.7,6.14,-3.29,-2.3,-5.59
Kevin Knox,26.6,NY,0.482,6.2,8.5,21.2,3.1,13.5,8.1,9.58,-2.24,-3.78,-6.02
Jamal Crawford,17.2,PHX,0.463,27.5,12.9,22.4,1.1,6.9,3.9,8.81,-2.97,-3.17,-6.14
Collin Sexton,29.6,CLE,0.493,14.2,11.4,25.2,2.3,9.3,5.6,10.42,-2.82,-4.35,-7.17
